INSERT INTO Osoba(oib, ime, prezime) VALUES
('7751056668', 'Mirjana', 'Lovrić'),
('8894324787', 'Marko', 'Lovrić'),
('9257001917', 'Luka', 'Knežević'),
('7638011061', 'Marija', 'Mandić'),
('4697198606', 'Nada', 'Rukavina'),
('0404422026', 'Martina', 'Filipović'),
('8230983394', 'Marija', 'Kovačić'),
('2287479894', 'Marko', 'Kovačević'),
('7052920004', 'Katarina', 'Lončar'),
('2328353450', 'Martina', 'Rukavina'),
('2108254383', 'Ivica', 'Martinović'),
('2819660347', 'Ana', 'Filipović'),
('3566039142', 'Petra', 'Knežević'),
('7573494104', 'Ante', 'Šimić'),
('7478156207', 'Luka', 'Šimić'),
('4603669263', 'Marko', 'Vidović'),
('1432803003', 'Nada', 'Jukić'),
('9646034679', 'Luka', 'Lovrić'),
('3960947653', 'Marija', 'Petrović'),
('7212526406', 'Ivana', 'Mandić'),
('6529193901', 'Željko', 'Petrović'),
('2760400776', 'Petra', 'Rukavina'),
('8936315462', 'Luka', 'Kovačević'),
('9775380993', 'Martina', 'Lončar'),
('3275514645', 'Ivica', 'Živković'),
('4562681820', 'Nada', 'Jurić'),
('4194806551', 'Marko', 'Vidović'),
('5789461166', 'Martina', 'Barišić'),
('5081270756', 'Ivana', 'Jukić'),
('8658653185', 'Vesna', 'Martinović'),
('2571449160', 'Marina', 'Grgić'),
('3723081368', 'Josip', 'Marković'),
('9496342195', 'Luka', 'Jukić'),
('7439598023', 'Nada', 'Marković'),
('5167240208', 'Stjepan', 'Knežević'),
('8498580744', 'Ivica', 'Jurić'),
('4080651958', 'Ana', 'Babić'),
('9161176335', 'Ana', 'Živković'),
('3614488145', 'Ante', 'Knežević'),
('4437249969', 'Mirjana', 'Jurković'),
('6279857869', 'Marina', 'Brkić'),
('1562384501', 'Ana', 'Grgić'),
('5587814165', 'Marina', 'Brkić'),
('7829238923', 'Mario', 'Kovačević'),
('4648940156', 'Josip', 'Blažević'),
('8351795016', 'Luka', 'Živković'),
('8167829152', 'Mirjana', 'Brkić'),
('1661433065', 'Ana', 'Lovrić'),
('0396188416', 'Stjepan', 'Martinović'),
('9559440239', 'Josip', 'Božić');

INSERT INTO Lokacija(id, adresa, grad, drzava, postanski_broj) VALUES
('2978204701', 'Radićeva 100', 'Split', 'Hrvatska', 81826),
('4478225055', 'Vodnikova 35', 'Osijek', 'Hrvatska', 47059),
('6247840904', 'Malešnica 92', 'Split', 'Hrvatska', 98562),
('5821279507', 'Zagrebačka cesta 15', 'Rijeka', 'Hrvatska', 80639),
('7471556988', 'Malešnica 92', 'Zagreb', 'Hrvatska', 48292),
('2412325606', 'Zagrebačka cesta 15', 'Split', 'Hrvatska', 35518),
('1244537810', 'Bolnička 14', 'Rijeka', 'Hrvatska', 39897),
('8394370381', 'Bolnička 14', 'Rijeka', 'Hrvatska', 20742),
('5543134136', 'Sarajevska ulica 45', 'Split', 'Hrvatska', 51616),
('1604616610', 'Malešnica 92', 'Zagreb', 'Hrvatska', 12469),
('5550496350', 'Ilica 36', 'Zagreb', 'Hrvatska', 45550),
('0946898855', 'Zvonimirova 52', 'Split', 'Hrvatska', 22946);

INSERT INTO Restoran(oib, ime, datum_otvaranja, datum_zatvaranja, google_recenzija, michelin_zvjezdica, lokacija_id, vlasnik_oib) VALUES
('6247233792', 'Fina klopica', cast('2023-06-08' as date), cast('2023-08-27' as date), 1, 0, '5543134136', '8230983394'),
('2170837900', 'Krilca', cast('2002-09-15' as date), NULL, 2, 1, '7471556988', '4437249969'),
('3284636627', 'Mata Dadi', cast('2007-04-16' as date), cast('2012-08-23' as date), 1, 0, '1244537810', '3614488145'),
('9264285032', 'Borić', cast('2018-07-30' as date), NULL, 1, 2, '2978204701', '9775380993'),
('1905967508', 'Bor', cast('2020-02-24' as date), NULL, 1, 0, '2978204701', '1661433065'),
('8419013551', 'Mata Hari', cast('2020-11-22' as date), cast('2023-06-21' as date), 3, 0, '7471556988', '8230983394'),
('1163668298', 'Krilca', cast('2019-12-26' as date), NULL, 2, 0, '0946898855', '9161176335'),
('2765417043', 'Johan Frank', cast('2015-02-07' as date), NULL, 3, 0, '2978204701', '2819660347'),
('8247266554', 'Ribički klub čaplja', cast('2010-09-19' as date), cast('2020-03-19' as date), 3, 0, '5543134136', '7638011061'),
('8514599263', 'Kod Jože', cast('2019-12-17' as date), NULL, 1, 0, '5550496350', '7638011061');

INSERT INTO Radni_odnos(id, oib_radnika, oib_poslodavca, uloga, plaća, valuta, početak_radnog_odnosa, kraj_radnog_odnosa) VALUES
('4324616765', '8167829152', '2170837900', 'kuhar', 1350, 'eur', cast('2021-02-13' as date), NULL),
('8946522196', '6279857869', '1905967508', 'konobar', 1750, 'eur', cast('2021-07-12' as date), NULL),
('4476330445', '5081270756', '1905967508', 'kuhar', 1700, 'eur', cast('2021-09-26' as date), NULL),
('7857303351', '7052920004', '9264285032', 'kuhar', 1700, 'eur', cast('2018-10-22' as date), NULL),
('5243335708', '5789461166', '1163668298', 'kuhar', 1750, 'eur', cast('2019-12-26' as date), NULL),
('9687916923', '7212526406', '3284636627', 'kuhar', 1150, 'eur', cast('2009-01-24' as date), cast('2012-08-23' as date)),
('4885676278', '4562681820', '8419013551', 'konobar', 1100, 'eur', cast('2023-03-07' as date), cast('2023-06-19' as date)),
('3487110912', '3723081368', '9264285032', 'konobar', 1300, 'eur', cast('2023-07-16' as date), NULL),
('9508790296', '3960947653', '2765417043', 'kuhar', 1500, 'eur', cast('2016-03-06' as date), NULL),
('6309630443', '3614488145', '6247233792', 'konobar', 1200, 'eur', cast('2023-11-23' as date), cast('2023-08-27' as date)),
('1923327114', '4437249969', '8247266554', 'kuhar', 1900, 'eur', cast('2016-08-08' as date), cast('2020-03-19' as date)),
('0852048762', '4194806551', '8419013551', 'kuhar', 1150, 'eur', cast('2021-02-06' as date), cast('2023-06-19' as date)),
('0734914292', '1661433065', '8514599263', 'konobar', 1200, 'eur', cast('2022-12-01' as date), NULL),
('0880527767', '3275514645', '2170837900', 'konobar', 1250, 'eur', cast('2020-12-04' as date), NULL),
('1911828173', '2571449160', '6247233792', 'kuhar', 1700, 'eur', cast('2023-10-31' as date), cast('2023-08-27' as date)),
('8998580540', '7439598023', '3284636627', 'konobar', 1250, 'eur', cast('2007-05-16' as date), cast('2012-08-23' as date)),
('5563281978', '9646034679', '1163668298', 'konobar', 1350, 'eur', cast('2022-10-05' as date), NULL),
('9145989197', '4562681820', '8514599263', 'kuhar', 1850, 'eur', cast('2021-11-17' as date), NULL),
('0921167239', '6279857869', '8247266554', 'konobar', 1800, 'eur', cast('2019-01-30' as date), cast('2020-03-19' as date)),
('9309032200', '8351795016', '2765417043', 'konobar', 1750, 'eur', cast('2020-07-18' as date), NULL);

INSERT INTO Inspekcija(datum, oib_inspektora, oib_restorana, ocjena) VALUES
(cast('2018-04-22' as date), '1432803003', '6247233792', 3),
(cast('2023-06-29' as date), '1562384501', '2170837900', 4),
(cast('2022-11-29' as date), '1432803003', '3284636627', 3),
(cast('2022-08-20' as date), '1562384501', '9264285032', 2),
(cast('2022-11-02' as date), '1432803003', '1905967508', 4),
(cast('2019-08-15' as date), '1562384501', '8419013551', 4),
(cast('2017-06-30' as date), '1432803003', '1163668298', 4),
(cast('2023-05-04' as date), '1432803003', '2765417043', 4),
(cast('2023-01-11' as date), '1432803003', '8247266554', 3),
(cast('2011-03-10' as date), '1562384501', '8514599263', 4),
(cast('2021-03-24' as date), '1432803003', '6247233792', 2),
(cast('2023-01-01' as date), '1562384501', '2170837900', 4),
(cast('2022-09-13' as date), '1562384501', '3284636627', 3),
(cast('2012-06-27' as date), '1432803003', '9264285032', 4),
(cast('2015-05-15' as date), '1562384501', '1905967508', 1),
(cast('2021-04-11' as date), '1562384501', '8419013551', 4),
(cast('2010-12-10' as date), '1432803003', '1163668298', 4),
(cast('2022-09-08' as date), '1562384501', '2765417043', 1),
(cast('2018-11-02' as date), '1562384501', '8247266554', 4),
(cast('2023-02-21' as date), '1432803003', '8514599263', 3);

INSERT INTO Jelo(id, oib_restorana, naziv, namirnice, kosher, halal, vegan) VALUES
('3014259147', '8514599263', 'Rižoto od cikle', 'Riži, cikla, maslac', True, True, False),
('2060666199', '1163668298', 'Odojak', 'Svinja', False, False, False),
('8507701933', '1163668298', 'Lazanje', 'Sir, mljeveno meso, tjesto', False, False, False),
('8090993117', '8247266554', 'Lazanje', 'Sir, mljeveno meso, tjesto', False, False, False),
('4156763596', '6247233792', 'Odojak', 'Svinja', False, False, False),
('2072981889', '9264285032', 'Lazanje', 'Sir, mljeveno meso, tjesto', False, False, False),
('4259156193', '2170837900', 'Rižoto s plodovima mora', 'Riža, lignje, maslinovo ulje', True, True, False),
('1047054446', '3284636627', 'Rižoto s plodovima mora', 'Riža, lignje, maslinovo ulje', True, True, False),
('1139329768', '1905967508', 'Čvaraci', 'Salo od svinje', False, False, False),
('5596142645', '2170837900', 'Janjetina ispod peke', 'Janje', True, True, False),
('0847648463', '2765417043', 'Lazanje', 'Sir, mljeveno meso, tjesto', False, False, False),
('5526691219', '8514599263', 'Rižoto od cikle', 'Riži, cikla, maslac', True, True, False),
('6555263946', '9264285032', 'Odojak', 'Svinja', False, False, False),
('7858987186', '8247266554', 'Lazanje', 'Sir, mljeveno meso, tjesto', False, False, False),
('7019940976', '6247233792', 'Kokošja juha', 'Koka, povrće. voda', True, True, False),
('0962472644', '1905967508', 'Odojak', 'Svinja', False, False, False),
('9039832356', '8419013551', 'Čvaraci', 'Salo od svinje', False, False, False),
('2441309798', '8419013551', 'Rižoto s plodovima mora', 'Riža, lignje, maslinovo ulje', True, True, False),
('2902725659', '2765417043', 'Čvaraci', 'Salo od svinje', False, False, False),
('0998747842', '3284636627', 'Rižoto od cikle', 'Riži, cikla, maslac', True, True, False);

